numech_B_repere;nom_img_B;nom_img_T;vide_B;vide_T;accord
0;2025_Conforme_1_Cam_B_3_0.jpg;NULL;True;NULL;NULL
1;2025_Conforme_1_Cam_B_3_1.jpg;NULL;True;NULL;NULL
2;2025_Conforme_1_Cam_B_3_2.jpg;NULL;True;NULL;NULL
3;2025_Conforme_1_Cam_B_3_3.jpg;NULL;True;NULL;NULL
4;2025_Conforme_1_Cam_B_3_4.jpg;NULL;True;NULL;NULL
5;2025_Conforme_1_Cam_B_3_5.jpg;2025_Conforme_1_Cam_T_3_0.jpg;True;True;OK
6;2025_Conforme_1_Cam_B_3_6.jpg;2025_Conforme_1_Cam_T_3_1.jpg;True;True;OK
7;2025_Conforme_1_Cam_B_3_7.jpg;2025_Conforme_1_Cam_T_3_2.jpg;True;True;OK
8;2025_Conforme_1_Cam_B_3_8.jpg;2025_Conforme_1_Cam_T_3_3.jpg;True;True;OK
9;2025_Conforme_1_Cam_B_3_9.jpg;2025_Conforme_1_Cam_T_3_4.jpg;True;True;OK
10;2025_Conforme_1_Cam_B_3_10.jpg;2025_Conforme_1_Cam_T_3_5.jpg;True;True;OK
11;2025_Conforme_1_Cam_B_3_11.jpg;2025_Conforme_1_Cam_T_3_6.jpg;True;True;OK
12;2025_Conforme_1_Cam_B_3_12.jpg;2025_Conforme_1_Cam_T_3_7.jpg;True;True;OK
13;2025_Conforme_1_Cam_B_3_13.jpg;2025_Conforme_1_Cam_T_3_8.jpg;True;True;OK
14;2025_Conforme_1_Cam_B_3_14.jpg;2025_Conforme_1_Cam_T_3_9.jpg;True;True;OK
15;2025_Conforme_1_Cam_B_3_15.jpg;2025_Conforme_1_Cam_T_3_10.jpg;True;True;OK
16;2025_Conforme_1_Cam_B_3_16.jpg;2025_Conforme_1_Cam_T_3_11.jpg;True;True;OK
17;2025_Conforme_1_Cam_B_3_17.jpg;2025_Conforme_1_Cam_T_3_12.jpg;True;True;OK
18;2025_Conforme_1_Cam_B_3_18.jpg;2025_Conforme_1_Cam_T_3_13.jpg;True;True;OK
19;2025_Conforme_1_Cam_B_3_19.jpg;2025_Conforme_1_Cam_T_3_14.jpg;True;True;OK
20;2025_Conforme_1_Cam_B_3_20.jpg;2025_Conforme_1_Cam_T_3_15.jpg;True;True;OK
21;2025_Conforme_1_Cam_B_3_21.jpg;2025_Conforme_1_Cam_T_3_16.jpg;True;True;OK
22;2025_Conforme_1_Cam_B_3_22.jpg;2025_Conforme_1_Cam_T_3_17.jpg;True;True;OK
23;2025_Conforme_1_Cam_B_3_23.jpg;2025_Conforme_1_Cam_T_3_18.jpg;True;True;OK
24;2025_Conforme_1_Cam_B_3_24.jpg;2025_Conforme_1_Cam_T_3_19.jpg;True;True;OK
25;2025_Conforme_1_Cam_B_3_25.jpg;2025_Conforme_1_Cam_T_3_20.jpg;True;True;OK
26;2025_Conforme_1_Cam_B_3_26.jpg;2025_Conforme_1_Cam_T_3_21.jpg;True;True;OK
27;2025_Conforme_1_Cam_B_3_27.jpg;2025_Conforme_1_Cam_T_3_22.jpg;True;True;OK
28;2025_Conforme_1_Cam_B_3_28.jpg;2025_Conforme_1_Cam_T_3_23.jpg;True;True;OK
29;2025_Conforme_1_Cam_B_3_29.jpg;2025_Conforme_1_Cam_T_3_24.jpg;True;True;OK
30;2025_Conforme_1_Cam_B_3_30.jpg;2025_Conforme_1_Cam_T_3_25.jpg;True;True;OK
31;2025_Conforme_1_Cam_B_3_31.jpg;2025_Conforme_1_Cam_T_3_26.jpg;True;True;OK
32;2025_Conforme_1_Cam_B_3_32.jpg;2025_Conforme_1_Cam_T_3_27.jpg;True;True;OK
33;2025_Conforme_1_Cam_B_3_33.jpg;2025_Conforme_1_Cam_T_3_28.jpg;True;True;OK
34;2025_Conforme_1_Cam_B_3_34.jpg;2025_Conforme_1_Cam_T_3_29.jpg;True;True;OK
35;2025_Conforme_1_Cam_B_3_35.jpg;2025_Conforme_1_Cam_T_3_30.jpg;True;False;CONFLIT
36;2025_Conforme_1_Cam_B_3_36.jpg;2025_Conforme_1_Cam_T_3_31.jpg;True;True;OK
37;2025_Conforme_1_Cam_B_3_37.jpg;2025_Conforme_1_Cam_T_3_32.jpg;True;True;OK
38;2025_Conforme_1_Cam_B_3_38.jpg;2025_Conforme_1_Cam_T_3_33.jpg;True;True;OK
39;2025_Conforme_1_Cam_B_3_39.jpg;2025_Conforme_1_Cam_T_3_34.jpg;True;True;OK
40;2025_Conforme_1_Cam_B_3_40.jpg;2025_Conforme_1_Cam_T_3_35.jpg;True;True;OK
41;2025_Conforme_1_Cam_B_3_41.jpg;2025_Conforme_1_Cam_T_3_36.jpg;True;True;OK
42;2025_Conforme_1_Cam_B_3_42.jpg;2025_Conforme_1_Cam_T_3_37.jpg;True;True;OK
43;2025_Conforme_1_Cam_B_3_43.jpg;2025_Conforme_1_Cam_T_3_38.jpg;True;True;OK
44;2025_Conforme_1_Cam_B_3_44.jpg;2025_Conforme_1_Cam_T_3_39.jpg;True;True;OK
45;2025_Conforme_1_Cam_B_3_45.jpg;2025_Conforme_1_Cam_T_3_40.jpg;False;False;OK
46;2025_Conforme_1_Cam_B_3_46.jpg;2025_Conforme_1_Cam_T_3_41.jpg;False;True;CONFLIT
47;2025_Conforme_1_Cam_B_3_47.jpg;2025_Conforme_1_Cam_T_3_42.jpg;False;True;CONFLIT
48;2025_Conforme_1_Cam_B_3_48.jpg;2025_Conforme_1_Cam_T_3_43.jpg;False;AMBIGU;AMBIGU
49;2025_Conforme_1_Cam_B_3_49.jpg;2025_Conforme_1_Cam_T_3_44.jpg;False;AMBIGU;AMBIGU
50;2025_Conforme_1_Cam_B_3_50.jpg;2025_Conforme_1_Cam_T_3_45.jpg;False;False;OK
51;2025_Conforme_1_Cam_B_3_51.jpg;2025_Conforme_1_Cam_T_3_46.jpg;False;False;OK
52;2025_Conforme_1_Cam_B_3_52.jpg;2025_Conforme_1_Cam_T_3_47.jpg;False;False;OK
53;2025_Conforme_1_Cam_B_3_53.jpg;2025_Conforme_1_Cam_T_3_48.jpg;True;False;CONFLIT
54;2025_Conforme_1_Cam_B_3_54.jpg;2025_Conforme_1_Cam_T_3_49.jpg;True;True;OK
55;2025_Conforme_1_Cam_B_3_55.jpg;2025_Conforme_1_Cam_T_3_50.jpg;False;False;OK
56;2025_Conforme_1_Cam_B_3_56.jpg;2025_Conforme_1_Cam_T_3_51.jpg;False;False;OK
57;2025_Conforme_1_Cam_B_3_57.jpg;2025_Conforme_1_Cam_T_3_52.jpg;False;False;OK
58;2025_Conforme_1_Cam_B_3_58.jpg;2025_Conforme_1_Cam_T_3_53.jpg;False;False;OK
59;2025_Conforme_1_Cam_B_3_59.jpg;2025_Conforme_1_Cam_T_3_54.jpg;True;False;CONFLIT
60;2025_Conforme_1_Cam_B_3_60.jpg;2025_Conforme_1_Cam_T_3_55.jpg;False;False;OK
61;2025_Conforme_1_Cam_B_3_61.jpg;2025_Conforme_1_Cam_T_3_56.jpg;False;False;OK
62;2025_Conforme_1_Cam_B_3_62.jpg;2025_Conforme_1_Cam_T_3_57.jpg;False;False;OK
63;2025_Conforme_1_Cam_B_3_63.jpg;2025_Conforme_1_Cam_T_3_58.jpg;False;True;CONFLIT
64;2025_Conforme_1_Cam_B_3_64.jpg;2025_Conforme_1_Cam_T_3_59.jpg;False;False;OK
65;2025_Conforme_1_Cam_B_3_65.jpg;2025_Conforme_1_Cam_T_3_60.jpg;False;True;CONFLIT
66;2025_Conforme_1_Cam_B_3_66.jpg;2025_Conforme_1_Cam_T_3_61.jpg;False;False;OK
67;2025_Conforme_1_Cam_B_3_67.jpg;2025_Conforme_1_Cam_T_3_62.jpg;False;False;OK
68;2025_Conforme_1_Cam_B_3_68.jpg;2025_Conforme_1_Cam_T_3_63.jpg;False;AMBIGU;AMBIGU
69;2025_Conforme_1_Cam_B_3_69.jpg;2025_Conforme_1_Cam_T_3_64.jpg;True;False;CONFLIT
70;2025_Conforme_1_Cam_B_3_70.jpg;2025_Conforme_1_Cam_T_3_65.jpg;False;False;OK
71;2025_Conforme_1_Cam_B_3_71.jpg;2025_Conforme_1_Cam_T_3_66.jpg;False;False;OK
72;2025_Conforme_1_Cam_B_3_72.jpg;2025_Conforme_1_Cam_T_3_67.jpg;False;False;OK
73;2025_Conforme_1_Cam_B_3_73.jpg;2025_Conforme_1_Cam_T_3_68.jpg;False;False;OK
74;2025_Conforme_1_Cam_B_3_74.jpg;2025_Conforme_1_Cam_T_3_69.jpg;False;False;OK
75;2025_Conforme_1_Cam_B_3_75.jpg;2025_Conforme_1_Cam_T_3_70.jpg;False;False;OK
76;2025_Conforme_1_Cam_B_3_76.jpg;2025_Conforme_1_Cam_T_3_71.jpg;False;False;OK
77;2025_Conforme_1_Cam_B_3_77.jpg;2025_Conforme_1_Cam_T_3_72.jpg;False;False;OK
78;2025_Conforme_1_Cam_B_3_78.jpg;2025_Conforme_1_Cam_T_3_73.jpg;True;False;CONFLIT
79;2025_Conforme_1_Cam_B_3_79.jpg;2025_Conforme_1_Cam_T_3_74.jpg;False;False;OK
80;2025_Conforme_1_Cam_B_3_80.jpg;2025_Conforme_1_Cam_T_3_75.jpg;False;False;OK
81;2025_Conforme_1_Cam_B_3_81.jpg;2025_Conforme_1_Cam_T_3_76.jpg;False;True;CONFLIT
82;2025_Conforme_1_Cam_B_3_82.jpg;2025_Conforme_1_Cam_T_3_77.jpg;False;False;OK
83;2025_Conforme_1_Cam_B_3_83.jpg;2025_Conforme_1_Cam_T_3_78.jpg;False;True;CONFLIT
84;2025_Conforme_1_Cam_B_3_84.jpg;2025_Conforme_1_Cam_T_3_79.jpg;False;True;CONFLIT
85;2025_Conforme_1_Cam_B_3_85.jpg;2025_Conforme_1_Cam_T_3_80.jpg;True;False;CONFLIT
86;2025_Conforme_1_Cam_B_3_86.jpg;2025_Conforme_1_Cam_T_3_81.jpg;True;False;CONFLIT
87;2025_Conforme_1_Cam_B_3_87.jpg;2025_Conforme_1_Cam_T_3_82.jpg;False;True;CONFLIT
88;2025_Conforme_1_Cam_B_3_88.jpg;2025_Conforme_1_Cam_T_3_83.jpg;False;True;CONFLIT
89;2025_Conforme_1_Cam_B_3_89.jpg;2025_Conforme_1_Cam_T_3_84.jpg;False;True;CONFLIT
90;2025_Conforme_1_Cam_B_3_90.jpg;2025_Conforme_1_Cam_T_3_85.jpg;False;True;CONFLIT
91;2025_Conforme_1_Cam_B_3_91.jpg;2025_Conforme_1_Cam_T_3_86.jpg;True;True;OK
92;2025_Conforme_1_Cam_B_3_92.jpg;2025_Conforme_1_Cam_T_3_87.jpg;False;False;OK
93;2025_Conforme_1_Cam_B_3_93.jpg;2025_Conforme_1_Cam_T_3_88.jpg;False;True;CONFLIT
94;2025_Conforme_1_Cam_B_3_94.jpg;2025_Conforme_1_Cam_T_3_89.jpg;True;True;OK
95;2025_Conforme_1_Cam_B_3_95.jpg;2025_Conforme_1_Cam_T_3_90.jpg;True;False;CONFLIT
96;2025_Conforme_1_Cam_B_3_96.jpg;2025_Conforme_1_Cam_T_3_91.jpg;False;False;OK
97;2025_Conforme_1_Cam_B_3_97.jpg;2025_Conforme_1_Cam_T_3_92.jpg;False;True;CONFLIT
98;2025_Conforme_1_Cam_B_3_98.jpg;2025_Conforme_1_Cam_T_3_93.jpg;False;False;OK
99;2025_Conforme_1_Cam_B_3_99.jpg;2025_Conforme_1_Cam_T_3_94.jpg;False;False;OK
100;2025_Conforme_1_Cam_B_3_100.jpg;2025_Conforme_1_Cam_T_3_95.jpg;False;False;OK
101;2025_Conforme_1_Cam_B_3_101.jpg;2025_Conforme_1_Cam_T_3_96.jpg;False;False;OK
102;2025_Conforme_1_Cam_B_3_102.jpg;2025_Conforme_1_Cam_T_3_97.jpg;False;False;OK
103;2025_Conforme_1_Cam_B_3_103.jpg;2025_Conforme_1_Cam_T_3_98.jpg;False;False;OK
104;2025_Conforme_1_Cam_B_3_104.jpg;2025_Conforme_1_Cam_T_3_99.jpg;False;False;OK
105;2025_Conforme_1_Cam_B_3_105.jpg;2025_Conforme_1_Cam_T_3_100.jpg;False;False;OK
106;2025_Conforme_1_Cam_B_3_106.jpg;2025_Conforme_1_Cam_T_3_101.jpg;False;True;CONFLIT
107;2025_Conforme_1_Cam_B_3_107.jpg;2025_Conforme_1_Cam_T_3_102.jpg;AMBIGU;True;AMBIGU
108;2025_Conforme_1_Cam_B_3_108.jpg;2025_Conforme_1_Cam_T_3_103.jpg;False;False;OK
109;2025_Conforme_1_Cam_B_3_109.jpg;2025_Conforme_1_Cam_T_3_104.jpg;False;True;CONFLIT
110;2025_Conforme_1_Cam_B_3_110.jpg;2025_Conforme_1_Cam_T_3_105.jpg;True;True;OK
111;2025_Conforme_1_Cam_B_3_111.jpg;2025_Conforme_1_Cam_T_3_106.jpg;True;True;OK
112;2025_Conforme_1_Cam_B_3_112.jpg;2025_Conforme_1_Cam_T_3_107.jpg;True;False;CONFLIT
113;2025_Conforme_1_Cam_B_3_113.jpg;2025_Conforme_1_Cam_T_3_108.jpg;False;False;OK
114;2025_Conforme_1_Cam_B_3_114.jpg;2025_Conforme_1_Cam_T_3_109.jpg;False;False;OK
115;2025_Conforme_1_Cam_B_3_115.jpg;2025_Conforme_1_Cam_T_3_110.jpg;True;True;OK
116;2025_Conforme_1_Cam_B_3_116.jpg;2025_Conforme_1_Cam_T_3_111.jpg;False;False;OK
117;2025_Conforme_1_Cam_B_3_117.jpg;2025_Conforme_1_Cam_T_3_112.jpg;False;False;OK
118;2025_Conforme_1_Cam_B_3_118.jpg;2025_Conforme_1_Cam_T_3_113.jpg;False;False;OK
119;2025_Conforme_1_Cam_B_3_119.jpg;2025_Conforme_1_Cam_T_3_114.jpg;False;False;OK
120;2025_Conforme_1_Cam_B_3_120.jpg;2025_Conforme_1_Cam_T_3_115.jpg;False;False;OK
121;2025_Conforme_1_Cam_B_3_121.jpg;2025_Conforme_1_Cam_T_3_116.jpg;True;True;OK
122;2025_Conforme_1_Cam_B_3_122.jpg;2025_Conforme_1_Cam_T_3_117.jpg;False;False;OK
123;2025_Conforme_1_Cam_B_3_123.jpg;2025_Conforme_1_Cam_T_3_118.jpg;True;True;OK
124;2025_Conforme_1_Cam_B_3_124.jpg;2025_Conforme_1_Cam_T_3_119.jpg;True;False;CONFLIT
125;2025_Conforme_1_Cam_B_3_125.jpg;2025_Conforme_1_Cam_T_3_120.jpg;False;False;OK
126;2025_Conforme_1_Cam_B_3_126.jpg;2025_Conforme_1_Cam_T_3_121.jpg;True;True;OK
127;2025_Conforme_1_Cam_B_3_127.jpg;2025_Conforme_1_Cam_T_3_122.jpg;False;True;CONFLIT
128;2025_Conforme_1_Cam_B_3_128.jpg;2025_Conforme_1_Cam_T_3_123.jpg;False;False;OK
129;2025_Conforme_1_Cam_B_3_129.jpg;2025_Conforme_1_Cam_T_3_124.jpg;False;AMBIGU;AMBIGU
130;2025_Conforme_1_Cam_B_3_130.jpg;2025_Conforme_1_Cam_T_3_125.jpg;AMBIGU;AMBIGU;AMBIGU
131;2025_Conforme_1_Cam_B_3_131.jpg;2025_Conforme_1_Cam_T_3_126.jpg;False;True;CONFLIT
132;2025_Conforme_1_Cam_B_3_132.jpg;2025_Conforme_1_Cam_T_3_127.jpg;False;False;OK
133;2025_Conforme_1_Cam_B_3_133.jpg;2025_Conforme_1_Cam_T_3_128.jpg;False;False;OK
134;2025_Conforme_1_Cam_B_3_134.jpg;2025_Conforme_1_Cam_T_3_129.jpg;False;False;OK
135;2025_Conforme_1_Cam_B_3_135.jpg;2025_Conforme_1_Cam_T_3_130.jpg;False;False;OK
136;2025_Conforme_1_Cam_B_3_136.jpg;2025_Conforme_1_Cam_T_3_131.jpg;False;False;OK
137;2025_Conforme_1_Cam_B_3_137.jpg;2025_Conforme_1_Cam_T_3_132.jpg;False;False;OK
138;2025_Conforme_1_Cam_B_3_138.jpg;2025_Conforme_1_Cam_T_3_133.jpg;False;False;OK
139;2025_Conforme_1_Cam_B_3_139.jpg;2025_Conforme_1_Cam_T_3_134.jpg;False;True;CONFLIT
140;2025_Conforme_1_Cam_B_3_140.jpg;2025_Conforme_1_Cam_T_3_135.jpg;False;False;OK
141;2025_Conforme_1_Cam_B_3_141.jpg;2025_Conforme_1_Cam_T_3_136.jpg;False;False;OK
142;2025_Conforme_1_Cam_B_3_142.jpg;2025_Conforme_1_Cam_T_3_137.jpg;False;False;OK
143;2025_Conforme_1_Cam_B_3_143.jpg;2025_Conforme_1_Cam_T_3_138.jpg;False;False;OK
144;2025_Conforme_1_Cam_B_3_144.jpg;2025_Conforme_1_Cam_T_3_139.jpg;False;False;OK
145;2025_Conforme_1_Cam_B_3_145.jpg;2025_Conforme_1_Cam_T_3_140.jpg;False;AMBIGU;AMBIGU
146;2025_Conforme_1_Cam_B_3_146.jpg;2025_Conforme_1_Cam_T_3_141.jpg;False;False;OK
147;2025_Conforme_1_Cam_B_3_147.jpg;2025_Conforme_1_Cam_T_3_142.jpg;False;False;OK
148;2025_Conforme_1_Cam_B_3_148.jpg;2025_Conforme_1_Cam_T_3_143.jpg;False;False;OK
149;2025_Conforme_1_Cam_B_3_149.jpg;2025_Conforme_1_Cam_T_3_144.jpg;False;False;OK
150;2025_Conforme_1_Cam_B_3_150.jpg;2025_Conforme_1_Cam_T_3_145.jpg;False;True;CONFLIT
151;2025_Conforme_1_Cam_B_3_151.jpg;2025_Conforme_1_Cam_T_3_146.jpg;False;False;OK
152;2025_Conforme_1_Cam_B_3_152.jpg;2025_Conforme_1_Cam_T_3_147.jpg;False;False;OK
153;2025_Conforme_1_Cam_B_3_153.jpg;2025_Conforme_1_Cam_T_3_148.jpg;True;False;CONFLIT
154;2025_Conforme_1_Cam_B_3_154.jpg;2025_Conforme_1_Cam_T_3_149.jpg;False;False;OK
155;2025_Conforme_1_Cam_B_3_155.jpg;2025_Conforme_1_Cam_T_3_150.jpg;False;AMBIGU;AMBIGU
156;2025_Conforme_1_Cam_B_3_156.jpg;2025_Conforme_1_Cam_T_3_151.jpg;False;True;CONFLIT
157;2025_Conforme_1_Cam_B_3_157.jpg;2025_Conforme_1_Cam_T_3_152.jpg;False;False;OK
158;2025_Conforme_1_Cam_B_3_158.jpg;2025_Conforme_1_Cam_T_3_153.jpg;False;True;CONFLIT
159;2025_Conforme_1_Cam_B_3_159.jpg;2025_Conforme_1_Cam_T_3_154.jpg;False;AMBIGU;AMBIGU
160;2025_Conforme_1_Cam_B_3_160.jpg;2025_Conforme_1_Cam_T_3_155.jpg;False;False;OK
161;2025_Conforme_1_Cam_B_3_161.jpg;2025_Conforme_1_Cam_T_3_156.jpg;False;False;OK
162;2025_Conforme_1_Cam_B_3_162.jpg;2025_Conforme_1_Cam_T_3_157.jpg;False;False;OK
163;2025_Conforme_1_Cam_B_3_163.jpg;2025_Conforme_1_Cam_T_3_158.jpg;False;False;OK
164;2025_Conforme_1_Cam_B_3_164.jpg;2025_Conforme_1_Cam_T_3_159.jpg;False;False;OK
165;2025_Conforme_1_Cam_B_3_165.jpg;2025_Conforme_1_Cam_T_3_160.jpg;False;False;OK
166;2025_Conforme_1_Cam_B_3_166.jpg;2025_Conforme_1_Cam_T_3_161.jpg;False;False;OK
167;2025_Conforme_1_Cam_B_3_167.jpg;2025_Conforme_1_Cam_T_3_162.jpg;False;False;OK
168;2025_Conforme_1_Cam_B_3_168.jpg;2025_Conforme_1_Cam_T_3_163.jpg;False;False;OK
169;2025_Conforme_1_Cam_B_3_169.jpg;2025_Conforme_1_Cam_T_3_164.jpg;False;False;OK
170;2025_Conforme_1_Cam_B_3_170.jpg;2025_Conforme_1_Cam_T_3_165.jpg;False;False;OK
171;2025_Conforme_1_Cam_B_3_171.jpg;2025_Conforme_1_Cam_T_3_166.jpg;False;False;OK
172;2025_Conforme_1_Cam_B_3_172.jpg;2025_Conforme_1_Cam_T_3_167.jpg;False;False;OK
173;2025_Conforme_1_Cam_B_3_173.jpg;2025_Conforme_1_Cam_T_3_168.jpg;False;False;OK
174;2025_Conforme_1_Cam_B_3_174.jpg;2025_Conforme_1_Cam_T_3_169.jpg;False;False;OK
175;2025_Conforme_1_Cam_B_3_175.jpg;2025_Conforme_1_Cam_T_3_170.jpg;True;False;CONFLIT
176;2025_Conforme_1_Cam_B_3_176.jpg;2025_Conforme_1_Cam_T_3_171.jpg;False;False;OK
177;2025_Conforme_1_Cam_B_3_177.jpg;2025_Conforme_1_Cam_T_3_172.jpg;False;False;OK
178;2025_Conforme_1_Cam_B_3_178.jpg;2025_Conforme_1_Cam_T_3_173.jpg;False;False;OK
179;2025_Conforme_1_Cam_B_3_179.jpg;2025_Conforme_1_Cam_T_3_174.jpg;False;False;OK
180;2025_Conforme_1_Cam_B_3_180.jpg;2025_Conforme_1_Cam_T_3_175.jpg;True;True;OK
181;2025_Conforme_1_Cam_B_3_181.jpg;2025_Conforme_1_Cam_T_3_176.jpg;True;False;CONFLIT
182;2025_Conforme_1_Cam_B_3_182.jpg;2025_Conforme_1_Cam_T_3_177.jpg;True;True;OK
183;2025_Conforme_1_Cam_B_3_183.jpg;2025_Conforme_1_Cam_T_3_178.jpg;True;False;CONFLIT
184;2025_Conforme_1_Cam_B_3_184.jpg;2025_Conforme_1_Cam_T_3_179.jpg;False;True;CONFLIT
185;2025_Conforme_1_Cam_B_3_185.jpg;2025_Conforme_1_Cam_T_3_180.jpg;False;False;OK
186;2025_Conforme_1_Cam_B_3_186.jpg;2025_Conforme_1_Cam_T_3_181.jpg;False;True;CONFLIT
187;2025_Conforme_1_Cam_B_3_187.jpg;2025_Conforme_1_Cam_T_3_182.jpg;False;True;CONFLIT
188;2025_Conforme_1_Cam_B_3_188.jpg;2025_Conforme_1_Cam_T_3_183.jpg;False;False;OK
189;2025_Conforme_1_Cam_B_3_189.jpg;2025_Conforme_1_Cam_T_3_184.jpg;False;True;CONFLIT
190;2025_Conforme_1_Cam_B_3_190.jpg;2025_Conforme_1_Cam_T_3_185.jpg;False;False;OK
191;2025_Conforme_1_Cam_B_3_191.jpg;2025_Conforme_1_Cam_T_3_186.jpg;False;False;OK
192;2025_Conforme_1_Cam_B_3_192.jpg;2025_Conforme_1_Cam_T_3_187.jpg;False;False;OK
193;2025_Conforme_1_Cam_B_3_193.jpg;2025_Conforme_1_Cam_T_3_188.jpg;False;False;OK
194;2025_Conforme_1_Cam_B_3_194.jpg;2025_Conforme_1_Cam_T_3_189.jpg;False;False;OK
195;2025_Conforme_1_Cam_B_3_195.jpg;2025_Conforme_1_Cam_T_3_190.jpg;False;False;OK
196;2025_Conforme_1_Cam_B_3_196.jpg;2025_Conforme_1_Cam_T_3_191.jpg;False;False;OK
197;2025_Conforme_1_Cam_B_3_197.jpg;2025_Conforme_1_Cam_T_3_192.jpg;False;False;OK
198;2025_Conforme_1_Cam_B_3_198.jpg;2025_Conforme_1_Cam_T_3_193.jpg;False;AMBIGU;AMBIGU
199;2025_Conforme_1_Cam_B_3_199.jpg;2025_Conforme_1_Cam_T_3_194.jpg;False;True;CONFLIT
200;2025_Conforme_1_Cam_B_3_200.jpg;2025_Conforme_1_Cam_T_3_195.jpg;False;False;OK
201;2025_Conforme_1_Cam_B_3_201.jpg;2025_Conforme_1_Cam_T_3_196.jpg;False;False;OK
202;2025_Conforme_1_Cam_B_3_202.jpg;2025_Conforme_1_Cam_T_3_197.jpg;AMBIGU;True;AMBIGU
203;2025_Conforme_1_Cam_B_3_203.jpg;2025_Conforme_1_Cam_T_3_198.jpg;False;False;OK
204;2025_Conforme_1_Cam_B_3_204.jpg;2025_Conforme_1_Cam_T_3_199.jpg;False;False;OK
205;2025_Conforme_1_Cam_B_3_205.jpg;2025_Conforme_1_Cam_T_3_200.jpg;False;True;CONFLIT
206;2025_Conforme_1_Cam_B_3_206.jpg;2025_Conforme_1_Cam_T_3_201.jpg;False;False;OK
207;2025_Conforme_1_Cam_B_3_207.jpg;2025_Conforme_1_Cam_T_3_202.jpg;False;AMBIGU;AMBIGU
208;2025_Conforme_1_Cam_B_3_208.jpg;2025_Conforme_1_Cam_T_3_203.jpg;True;False;CONFLIT
209;2025_Conforme_1_Cam_B_3_209.jpg;2025_Conforme_1_Cam_T_3_204.jpg;False;AMBIGU;AMBIGU
210;2025_Conforme_1_Cam_B_3_210.jpg;2025_Conforme_1_Cam_T_3_205.jpg;False;False;OK
211;2025_Conforme_1_Cam_B_3_211.jpg;2025_Conforme_1_Cam_T_3_206.jpg;False;False;OK
212;2025_Conforme_1_Cam_B_3_212.jpg;2025_Conforme_1_Cam_T_3_207.jpg;False;False;OK
213;2025_Conforme_1_Cam_B_3_213.jpg;2025_Conforme_1_Cam_T_3_208.jpg;False;False;OK
214;2025_Conforme_1_Cam_B_3_214.jpg;2025_Conforme_1_Cam_T_3_209.jpg;False;True;CONFLIT
215;2025_Conforme_1_Cam_B_3_215.jpg;2025_Conforme_1_Cam_T_3_210.jpg;AMBIGU;False;AMBIGU
216;2025_Conforme_1_Cam_B_3_216.jpg;2025_Conforme_1_Cam_T_3_211.jpg;False;False;OK
217;2025_Conforme_1_Cam_B_3_217.jpg;2025_Conforme_1_Cam_T_3_212.jpg;False;True;CONFLIT
218;2025_Conforme_1_Cam_B_3_218.jpg;2025_Conforme_1_Cam_T_3_213.jpg;False;True;CONFLIT
219;2025_Conforme_1_Cam_B_3_219.jpg;2025_Conforme_1_Cam_T_3_214.jpg;False;False;OK
220;2025_Conforme_1_Cam_B_3_220.jpg;2025_Conforme_1_Cam_T_3_215.jpg;False;True;CONFLIT
221;2025_Conforme_1_Cam_B_3_221.jpg;2025_Conforme_1_Cam_T_3_216.jpg;False;False;OK
222;2025_Conforme_1_Cam_B_3_222.jpg;2025_Conforme_1_Cam_T_3_217.jpg;False;False;OK
223;2025_Conforme_1_Cam_B_3_223.jpg;2025_Conforme_1_Cam_T_3_218.jpg;False;True;CONFLIT
224;2025_Conforme_1_Cam_B_3_224.jpg;2025_Conforme_1_Cam_T_3_219.jpg;False;False;OK
225;2025_Conforme_1_Cam_B_3_225.jpg;2025_Conforme_1_Cam_T_3_220.jpg;False;False;OK
226;2025_Conforme_1_Cam_B_3_226.jpg;2025_Conforme_1_Cam_T_3_221.jpg;False;False;OK
227;2025_Conforme_1_Cam_B_3_227.jpg;2025_Conforme_1_Cam_T_3_222.jpg;False;AMBIGU;AMBIGU
228;2025_Conforme_1_Cam_B_3_228.jpg;2025_Conforme_1_Cam_T_3_223.jpg;False;False;OK
229;2025_Conforme_1_Cam_B_3_229.jpg;2025_Conforme_1_Cam_T_3_224.jpg;False;True;CONFLIT
230;2025_Conforme_1_Cam_B_3_230.jpg;2025_Conforme_1_Cam_T_3_225.jpg;False;False;OK
231;2025_Conforme_1_Cam_B_3_231.jpg;2025_Conforme_1_Cam_T_3_226.jpg;False;False;OK
232;2025_Conforme_1_Cam_B_3_232.jpg;2025_Conforme_1_Cam_T_3_227.jpg;False;False;OK
233;2025_Conforme_1_Cam_B_3_233.jpg;2025_Conforme_1_Cam_T_3_228.jpg;False;False;OK
234;2025_Conforme_1_Cam_B_3_234.jpg;2025_Conforme_1_Cam_T_3_229.jpg;AMBIGU;False;AMBIGU
235;2025_Conforme_1_Cam_B_3_235.jpg;2025_Conforme_1_Cam_T_3_230.jpg;False;True;CONFLIT
236;2025_Conforme_1_Cam_B_3_236.jpg;2025_Conforme_1_Cam_T_3_231.jpg;False;False;OK
237;2025_Conforme_1_Cam_B_3_237.jpg;2025_Conforme_1_Cam_T_3_232.jpg;False;False;OK
238;2025_Conforme_1_Cam_B_3_238.jpg;2025_Conforme_1_Cam_T_3_233.jpg;True;False;CONFLIT
239;2025_Conforme_1_Cam_B_3_239.jpg;2025_Conforme_1_Cam_T_3_234.jpg;True;False;CONFLIT
240;2025_Conforme_1_Cam_B_3_240.jpg;2025_Conforme_1_Cam_T_3_235.jpg;False;True;CONFLIT
241;2025_Conforme_1_Cam_B_3_241.jpg;2025_Conforme_1_Cam_T_3_236.jpg;True;False;CONFLIT
242;2025_Conforme_1_Cam_B_3_242.jpg;2025_Conforme_1_Cam_T_3_237.jpg;False;AMBIGU;AMBIGU
243;2025_Conforme_1_Cam_B_3_243.jpg;2025_Conforme_1_Cam_T_3_238.jpg;True;False;CONFLIT
244;2025_Conforme_1_Cam_B_3_244.jpg;2025_Conforme_1_Cam_T_3_239.jpg;False;True;CONFLIT
245;2025_Conforme_1_Cam_B_3_245.jpg;2025_Conforme_1_Cam_T_3_240.jpg;True;True;OK
246;2025_Conforme_1_Cam_B_3_246.jpg;2025_Conforme_1_Cam_T_3_241.jpg;True;False;CONFLIT
247;2025_Conforme_1_Cam_B_3_247.jpg;2025_Conforme_1_Cam_T_3_242.jpg;True;True;OK
248;2025_Conforme_1_Cam_B_3_248.jpg;2025_Conforme_1_Cam_T_3_243.jpg;False;False;OK
249;2025_Conforme_1_Cam_B_3_249.jpg;2025_Conforme_1_Cam_T_3_244.jpg;False;AMBIGU;AMBIGU
250;2025_Conforme_1_Cam_B_3_250.jpg;2025_Conforme_1_Cam_T_3_245.jpg;False;True;CONFLIT
251;2025_Conforme_1_Cam_B_3_251.jpg;2025_Conforme_1_Cam_T_3_246.jpg;False;True;CONFLIT
252;2025_Conforme_1_Cam_B_3_252.jpg;2025_Conforme_1_Cam_T_3_247.jpg;False;False;OK
253;2025_Conforme_1_Cam_B_3_253.jpg;2025_Conforme_1_Cam_T_3_248.jpg;False;True;CONFLIT
254;2025_Conforme_1_Cam_B_3_254.jpg;2025_Conforme_1_Cam_T_3_249.jpg;False;False;OK
255;2025_Conforme_1_Cam_B_3_255.jpg;2025_Conforme_1_Cam_T_3_250.jpg;False;False;OK
256;2025_Conforme_1_Cam_B_3_256.jpg;2025_Conforme_1_Cam_T_3_251.jpg;True;False;CONFLIT
257;2025_Conforme_1_Cam_B_3_257.jpg;2025_Conforme_1_Cam_T_3_252.jpg;False;False;OK
258;2025_Conforme_1_Cam_B_3_258.jpg;2025_Conforme_1_Cam_T_3_253.jpg;False;False;OK
259;2025_Conforme_1_Cam_B_3_259.jpg;2025_Conforme_1_Cam_T_3_254.jpg;False;False;OK
260;2025_Conforme_1_Cam_B_3_260.jpg;2025_Conforme_1_Cam_T_3_255.jpg;False;True;CONFLIT
261;2025_Conforme_1_Cam_B_3_261.jpg;2025_Conforme_1_Cam_T_3_256.jpg;False;AMBIGU;AMBIGU
262;2025_Conforme_1_Cam_B_3_262.jpg;2025_Conforme_1_Cam_T_3_257.jpg;False;False;OK
263;2025_Conforme_1_Cam_B_3_263.jpg;2025_Conforme_1_Cam_T_3_258.jpg;False;False;OK
264;2025_Conforme_1_Cam_B_3_264.jpg;2025_Conforme_1_Cam_T_3_259.jpg;False;False;OK
265;2025_Conforme_1_Cam_B_3_265.jpg;2025_Conforme_1_Cam_T_3_260.jpg;False;False;OK
266;2025_Conforme_1_Cam_B_3_266.jpg;2025_Conforme_1_Cam_T_3_261.jpg;False;True;CONFLIT
267;2025_Conforme_1_Cam_B_3_267.jpg;2025_Conforme_1_Cam_T_3_262.jpg;False;True;CONFLIT
268;2025_Conforme_1_Cam_B_3_268.jpg;2025_Conforme_1_Cam_T_3_263.jpg;False;False;OK
269;2025_Conforme_1_Cam_B_3_269.jpg;2025_Conforme_1_Cam_T_3_264.jpg;False;AMBIGU;AMBIGU
270;2025_Conforme_1_Cam_B_3_270.jpg;2025_Conforme_1_Cam_T_3_265.jpg;True;True;OK
271;2025_Conforme_1_Cam_B_3_271.jpg;2025_Conforme_1_Cam_T_3_266.jpg;False;False;OK
272;2025_Conforme_1_Cam_B_3_272.jpg;2025_Conforme_1_Cam_T_3_267.jpg;False;True;CONFLIT
273;2025_Conforme_1_Cam_B_3_273.jpg;2025_Conforme_1_Cam_T_3_268.jpg;False;False;OK
274;2025_Conforme_1_Cam_B_3_274.jpg;2025_Conforme_1_Cam_T_3_269.jpg;False;AMBIGU;AMBIGU
275;2025_Conforme_1_Cam_B_3_275.jpg;2025_Conforme_1_Cam_T_3_270.jpg;False;AMBIGU;AMBIGU
276;2025_Conforme_1_Cam_B_3_276.jpg;2025_Conforme_1_Cam_T_3_271.jpg;False;True;CONFLIT
277;2025_Conforme_1_Cam_B_3_277.jpg;2025_Conforme_1_Cam_T_3_272.jpg;False;False;OK
278;2025_Conforme_1_Cam_B_3_278.jpg;2025_Conforme_1_Cam_T_3_273.jpg;False;False;OK
279;2025_Conforme_1_Cam_B_3_279.jpg;2025_Conforme_1_Cam_T_3_274.jpg;False;False;OK
280;2025_Conforme_1_Cam_B_3_280.jpg;2025_Conforme_1_Cam_T_3_275.jpg;AMBIGU;False;AMBIGU
281;2025_Conforme_1_Cam_B_3_281.jpg;2025_Conforme_1_Cam_T_3_276.jpg;False;False;OK
282;2025_Conforme_1_Cam_B_3_282.jpg;2025_Conforme_1_Cam_T_3_277.jpg;False;False;OK
283;2025_Conforme_1_Cam_B_3_283.jpg;2025_Conforme_1_Cam_T_3_278.jpg;False;False;OK
284;2025_Conforme_1_Cam_B_3_284.jpg;2025_Conforme_1_Cam_T_3_279.jpg;False;False;OK
285;2025_Conforme_1_Cam_B_3_285.jpg;2025_Conforme_1_Cam_T_3_280.jpg;False;False;OK
286;2025_Conforme_1_Cam_B_3_286.jpg;2025_Conforme_1_Cam_T_3_281.jpg;False;False;OK
287;2025_Conforme_1_Cam_B_3_287.jpg;2025_Conforme_1_Cam_T_3_282.jpg;False;False;OK
288;2025_Conforme_1_Cam_B_3_288.jpg;2025_Conforme_1_Cam_T_3_283.jpg;False;False;OK
289;2025_Conforme_1_Cam_B_3_289.jpg;2025_Conforme_1_Cam_T_3_284.jpg;False;False;OK
290;2025_Conforme_1_Cam_B_3_290.jpg;2025_Conforme_1_Cam_T_3_285.jpg;False;True;CONFLIT
291;2025_Conforme_1_Cam_B_3_291.jpg;2025_Conforme_1_Cam_T_3_286.jpg;False;False;OK
292;2025_Conforme_1_Cam_B_3_292.jpg;2025_Conforme_1_Cam_T_3_287.jpg;False;False;OK
293;2025_Conforme_1_Cam_B_3_293.jpg;2025_Conforme_1_Cam_T_3_288.jpg;False;False;OK
294;2025_Conforme_1_Cam_B_3_294.jpg;2025_Conforme_1_Cam_T_3_289.jpg;False;False;OK
295;2025_Conforme_1_Cam_B_3_295.jpg;2025_Conforme_1_Cam_T_3_290.jpg;False;False;OK
296;2025_Conforme_1_Cam_B_3_296.jpg;2025_Conforme_1_Cam_T_3_291.jpg;False;False;OK
297;2025_Conforme_1_Cam_B_3_297.jpg;2025_Conforme_1_Cam_T_3_292.jpg;False;False;OK
298;2025_Conforme_1_Cam_B_3_298.jpg;2025_Conforme_1_Cam_T_3_293.jpg;False;True;CONFLIT
299;2025_Conforme_1_Cam_B_3_299.jpg;2025_Conforme_1_Cam_T_3_294.jpg;False;False;OK
300;2025_Conforme_1_Cam_B_3_300.jpg;2025_Conforme_1_Cam_T_3_295.jpg;False;False;OK
301;2025_Conforme_1_Cam_B_3_301.jpg;2025_Conforme_1_Cam_T_3_296.jpg;False;False;OK
302;2025_Conforme_1_Cam_B_3_302.jpg;2025_Conforme_1_Cam_T_3_297.jpg;False;False;OK
303;2025_Conforme_1_Cam_B_3_303.jpg;2025_Conforme_1_Cam_T_3_298.jpg;False;False;OK
304;2025_Conforme_1_Cam_B_3_304.jpg;2025_Conforme_1_Cam_T_3_299.jpg;False;True;CONFLIT
305;2025_Conforme_1_Cam_B_3_305.jpg;2025_Conforme_1_Cam_T_3_300.jpg;False;False;OK
306;2025_Conforme_1_Cam_B_3_306.jpg;2025_Conforme_1_Cam_T_3_301.jpg;False;False;OK
307;2025_Conforme_1_Cam_B_3_307.jpg;2025_Conforme_1_Cam_T_3_302.jpg;False;True;CONFLIT
308;2025_Conforme_1_Cam_B_3_308.jpg;2025_Conforme_1_Cam_T_3_303.jpg;False;False;OK
309;2025_Conforme_1_Cam_B_3_309.jpg;2025_Conforme_1_Cam_T_3_304.jpg;False;False;OK
310;2025_Conforme_1_Cam_B_3_310.jpg;2025_Conforme_1_Cam_T_3_305.jpg;False;False;OK
311;2025_Conforme_1_Cam_B_3_311.jpg;2025_Conforme_1_Cam_T_3_306.jpg;False;False;OK
312;2025_Conforme_1_Cam_B_3_312.jpg;2025_Conforme_1_Cam_T_3_307.jpg;False;False;OK
313;2025_Conforme_1_Cam_B_3_313.jpg;2025_Conforme_1_Cam_T_3_308.jpg;False;AMBIGU;AMBIGU
314;2025_Conforme_1_Cam_B_3_314.jpg;2025_Conforme_1_Cam_T_3_309.jpg;False;AMBIGU;AMBIGU
315;2025_Conforme_1_Cam_B_3_315.jpg;2025_Conforme_1_Cam_T_3_310.jpg;False;True;CONFLIT
316;2025_Conforme_1_Cam_B_3_316.jpg;2025_Conforme_1_Cam_T_3_311.jpg;False;False;OK
317;2025_Conforme_1_Cam_B_3_317.jpg;2025_Conforme_1_Cam_T_3_312.jpg;False;False;OK
318;2025_Conforme_1_Cam_B_3_318.jpg;2025_Conforme_1_Cam_T_3_313.jpg;False;False;OK
319;2025_Conforme_1_Cam_B_3_319.jpg;2025_Conforme_1_Cam_T_3_314.jpg;False;False;OK
320;2025_Conforme_1_Cam_B_3_320.jpg;2025_Conforme_1_Cam_T_3_315.jpg;True;False;CONFLIT
321;2025_Conforme_1_Cam_B_3_321.jpg;2025_Conforme_1_Cam_T_3_316.jpg;False;False;OK
322;2025_Conforme_1_Cam_B_3_322.jpg;2025_Conforme_1_Cam_T_3_317.jpg;False;False;OK
323;2025_Conforme_1_Cam_B_3_323.jpg;2025_Conforme_1_Cam_T_3_318.jpg;False;False;OK
324;2025_Conforme_1_Cam_B_3_324.jpg;2025_Conforme_1_Cam_T_3_319.jpg;False;False;OK
325;2025_Conforme_1_Cam_B_3_325.jpg;2025_Conforme_1_Cam_T_3_320.jpg;True;False;CONFLIT
326;2025_Conforme_1_Cam_B_3_326.jpg;2025_Conforme_1_Cam_T_3_321.jpg;False;False;OK
327;2025_Conforme_1_Cam_B_3_327.jpg;2025_Conforme_1_Cam_T_3_322.jpg;False;False;OK
328;2025_Conforme_1_Cam_B_3_328.jpg;2025_Conforme_1_Cam_T_3_323.jpg;False;False;OK
329;2025_Conforme_1_Cam_B_3_329.jpg;2025_Conforme_1_Cam_T_3_324.jpg;False;False;OK
330;2025_Conforme_1_Cam_B_3_330.jpg;2025_Conforme_1_Cam_T_3_325.jpg;False;False;OK
331;2025_Conforme_1_Cam_B_3_331.jpg;2025_Conforme_1_Cam_T_3_326.jpg;False;False;OK
332;2025_Conforme_1_Cam_B_3_332.jpg;2025_Conforme_1_Cam_T_3_327.jpg;False;False;OK
333;2025_Conforme_1_Cam_B_3_333.jpg;2025_Conforme_1_Cam_T_3_328.jpg;False;False;OK
334;2025_Conforme_1_Cam_B_3_334.jpg;2025_Conforme_1_Cam_T_3_329.jpg;False;False;OK
335;2025_Conforme_1_Cam_B_3_335.jpg;2025_Conforme_1_Cam_T_3_330.jpg;True;True;OK
336;2025_Conforme_1_Cam_B_3_336.jpg;2025_Conforme_1_Cam_T_3_331.jpg;False;False;OK
337;2025_Conforme_1_Cam_B_3_337.jpg;2025_Conforme_1_Cam_T_3_332.jpg;False;False;OK
338;2025_Conforme_1_Cam_B_3_338.jpg;2025_Conforme_1_Cam_T_3_333.jpg;False;False;OK
339;2025_Conforme_1_Cam_B_3_339.jpg;2025_Conforme_1_Cam_T_3_334.jpg;False;False;OK
340;2025_Conforme_1_Cam_B_3_340.jpg;2025_Conforme_1_Cam_T_3_335.jpg;False;False;OK
341;2025_Conforme_1_Cam_B_3_341.jpg;2025_Conforme_1_Cam_T_3_336.jpg;False;False;OK
342;2025_Conforme_1_Cam_B_3_342.jpg;2025_Conforme_1_Cam_T_3_337.jpg;False;False;OK
343;2025_Conforme_1_Cam_B_3_343.jpg;2025_Conforme_1_Cam_T_3_338.jpg;False;AMBIGU;AMBIGU
344;2025_Conforme_1_Cam_B_3_344.jpg;2025_Conforme_1_Cam_T_3_339.jpg;False;False;OK
345;2025_Conforme_1_Cam_B_3_345.jpg;2025_Conforme_1_Cam_T_3_340.jpg;False;False;OK
346;2025_Conforme_1_Cam_B_3_346.jpg;2025_Conforme_1_Cam_T_3_341.jpg;False;False;OK
347;2025_Conforme_1_Cam_B_3_347.jpg;2025_Conforme_1_Cam_T_3_342.jpg;False;False;OK
348;2025_Conforme_1_Cam_B_3_348.jpg;2025_Conforme_1_Cam_T_3_343.jpg;False;False;OK
349;2025_Conforme_1_Cam_B_3_349.jpg;2025_Conforme_1_Cam_T_3_344.jpg;False;False;OK
350;2025_Conforme_1_Cam_B_3_350.jpg;2025_Conforme_1_Cam_T_3_345.jpg;False;False;OK
351;2025_Conforme_1_Cam_B_3_351.jpg;2025_Conforme_1_Cam_T_3_346.jpg;False;False;OK
352;2025_Conforme_1_Cam_B_3_352.jpg;2025_Conforme_1_Cam_T_3_347.jpg;False;False;OK
353;2025_Conforme_1_Cam_B_3_353.jpg;2025_Conforme_1_Cam_T_3_348.jpg;False;False;OK
354;2025_Conforme_1_Cam_B_3_354.jpg;2025_Conforme_1_Cam_T_3_349.jpg;False;False;OK
355;2025_Conforme_1_Cam_B_3_355.jpg;2025_Conforme_1_Cam_T_3_350.jpg;False;False;OK
356;2025_Conforme_1_Cam_B_3_356.jpg;2025_Conforme_1_Cam_T_3_351.jpg;False;False;OK
357;2025_Conforme_1_Cam_B_3_357.jpg;2025_Conforme_1_Cam_T_3_352.jpg;False;False;OK
358;2025_Conforme_1_Cam_B_3_358.jpg;2025_Conforme_1_Cam_T_3_353.jpg;False;False;OK
359;2025_Conforme_1_Cam_B_3_359.jpg;2025_Conforme_1_Cam_T_3_354.jpg;False;True;CONFLIT
360;2025_Conforme_1_Cam_B_3_360.jpg;2025_Conforme_1_Cam_T_3_355.jpg;False;True;CONFLIT
361;2025_Conforme_1_Cam_B_3_361.jpg;2025_Conforme_1_Cam_T_3_356.jpg;AMBIGU;False;AMBIGU
362;2025_Conforme_1_Cam_B_3_362.jpg;2025_Conforme_1_Cam_T_3_357.jpg;False;False;OK
363;2025_Conforme_1_Cam_B_3_363.jpg;2025_Conforme_1_Cam_T_3_358.jpg;True;False;CONFLIT
364;2025_Conforme_1_Cam_B_3_364.jpg;2025_Conforme_1_Cam_T_3_359.jpg;True;False;CONFLIT
365;2025_Conforme_1_Cam_B_3_365.jpg;2025_Conforme_1_Cam_T_3_360.jpg;True;False;CONFLIT
366;2025_Conforme_1_Cam_B_3_366.jpg;2025_Conforme_1_Cam_T_3_361.jpg;False;True;CONFLIT
367;2025_Conforme_1_Cam_B_3_367.jpg;2025_Conforme_1_Cam_T_3_362.jpg;False;False;OK
368;2025_Conforme_1_Cam_B_3_368.jpg;2025_Conforme_1_Cam_T_3_363.jpg;False;False;OK
369;2025_Conforme_1_Cam_B_3_369.jpg;2025_Conforme_1_Cam_T_3_364.jpg;False;True;CONFLIT
370;2025_Conforme_1_Cam_B_3_370.jpg;2025_Conforme_1_Cam_T_3_365.jpg;False;True;CONFLIT
371;2025_Conforme_1_Cam_B_3_371.jpg;2025_Conforme_1_Cam_T_3_366.jpg;True;True;OK
372;2025_Conforme_1_Cam_B_3_372.jpg;2025_Conforme_1_Cam_T_3_367.jpg;False;False;OK
373;2025_Conforme_1_Cam_B_3_373.jpg;2025_Conforme_1_Cam_T_3_368.jpg;False;False;OK
374;2025_Conforme_1_Cam_B_3_374.jpg;2025_Conforme_1_Cam_T_3_369.jpg;False;False;OK
375;2025_Conforme_1_Cam_B_3_375.jpg;2025_Conforme_1_Cam_T_3_370.jpg;False;False;OK
376;2025_Conforme_1_Cam_B_3_376.jpg;2025_Conforme_1_Cam_T_3_371.jpg;True;False;CONFLIT
377;2025_Conforme_1_Cam_B_3_377.jpg;2025_Conforme_1_Cam_T_3_372.jpg;False;True;CONFLIT
378;2025_Conforme_1_Cam_B_3_378.jpg;2025_Conforme_1_Cam_T_3_373.jpg;False;False;OK
379;2025_Conforme_1_Cam_B_3_379.jpg;2025_Conforme_1_Cam_T_3_374.jpg;False;False;OK
380;2025_Conforme_1_Cam_B_3_380.jpg;2025_Conforme_1_Cam_T_3_375.jpg;False;False;OK
381;2025_Conforme_1_Cam_B_3_381.jpg;2025_Conforme_1_Cam_T_3_376.jpg;True;False;CONFLIT
382;2025_Conforme_1_Cam_B_3_382.jpg;2025_Conforme_1_Cam_T_3_377.jpg;False;True;CONFLIT
383;2025_Conforme_1_Cam_B_3_383.jpg;2025_Conforme_1_Cam_T_3_378.jpg;True;True;OK
384;2025_Conforme_1_Cam_B_3_384.jpg;2025_Conforme_1_Cam_T_3_379.jpg;False;True;CONFLIT
385;2025_Conforme_1_Cam_B_3_385.jpg;2025_Conforme_1_Cam_T_3_380.jpg;False;False;OK
386;2025_Conforme_1_Cam_B_3_386.jpg;2025_Conforme_1_Cam_T_3_381.jpg;False;True;CONFLIT
387;2025_Conforme_1_Cam_B_3_387.jpg;2025_Conforme_1_Cam_T_3_382.jpg;False;False;OK
388;2025_Conforme_1_Cam_B_3_388.jpg;2025_Conforme_1_Cam_T_3_383.jpg;False;False;OK
389;2025_Conforme_1_Cam_B_3_389.jpg;2025_Conforme_1_Cam_T_3_384.jpg;True;True;OK
390;2025_Conforme_1_Cam_B_3_390.jpg;2025_Conforme_1_Cam_T_3_385.jpg;False;False;OK
391;2025_Conforme_1_Cam_B_3_391.jpg;2025_Conforme_1_Cam_T_3_386.jpg;False;False;OK
392;2025_Conforme_1_Cam_B_3_392.jpg;2025_Conforme_1_Cam_T_3_387.jpg;False;True;CONFLIT
393;2025_Conforme_1_Cam_B_3_393.jpg;2025_Conforme_1_Cam_T_3_388.jpg;AMBIGU;AMBIGU;AMBIGU
394;2025_Conforme_1_Cam_B_3_394.jpg;2025_Conforme_1_Cam_T_3_389.jpg;True;False;CONFLIT
395;2025_Conforme_1_Cam_B_3_395.jpg;2025_Conforme_1_Cam_T_3_390.jpg;True;False;CONFLIT
396;2025_Conforme_1_Cam_B_3_396.jpg;2025_Conforme_1_Cam_T_3_391.jpg;False;False;OK
397;2025_Conforme_1_Cam_B_3_397.jpg;2025_Conforme_1_Cam_T_3_392.jpg;True;False;CONFLIT
398;2025_Conforme_1_Cam_B_3_398.jpg;2025_Conforme_1_Cam_T_3_393.jpg;False;True;CONFLIT
399;2025_Conforme_1_Cam_B_3_399.jpg;2025_Conforme_1_Cam_T_3_394.jpg;False;False;OK
400;2025_Conforme_1_Cam_B_3_400.jpg;2025_Conforme_1_Cam_T_3_395.jpg;False;True;CONFLIT
401;2025_Conforme_1_Cam_B_3_401.jpg;2025_Conforme_1_Cam_T_3_396.jpg;False;True;CONFLIT
402;2025_Conforme_1_Cam_B_3_402.jpg;2025_Conforme_1_Cam_T_3_397.jpg;False;True;CONFLIT
403;2025_Conforme_1_Cam_B_3_403.jpg;2025_Conforme_1_Cam_T_3_398.jpg;False;False;OK
404;2025_Conforme_1_Cam_B_3_404.jpg;2025_Conforme_1_Cam_T_3_399.jpg;False;True;CONFLIT
405;2025_Conforme_1_Cam_B_3_405.jpg;2025_Conforme_1_Cam_T_3_400.jpg;False;False;OK
406;2025_Conforme_1_Cam_B_3_406.jpg;2025_Conforme_1_Cam_T_3_401.jpg;False;False;OK
407;2025_Conforme_1_Cam_B_3_407.jpg;2025_Conforme_1_Cam_T_3_402.jpg;False;False;OK
408;2025_Conforme_1_Cam_B_3_408.jpg;2025_Conforme_1_Cam_T_3_403.jpg;False;True;CONFLIT
409;2025_Conforme_1_Cam_B_3_409.jpg;2025_Conforme_1_Cam_T_3_404.jpg;False;True;CONFLIT
410;2025_Conforme_1_Cam_B_3_410.jpg;2025_Conforme_1_Cam_T_3_405.jpg;True;AMBIGU;AMBIGU
411;2025_Conforme_1_Cam_B_3_411.jpg;2025_Conforme_1_Cam_T_3_406.jpg;True;False;CONFLIT
412;2025_Conforme_1_Cam_B_3_412.jpg;2025_Conforme_1_Cam_T_3_407.jpg;AMBIGU;False;AMBIGU
413;2025_Conforme_1_Cam_B_3_413.jpg;2025_Conforme_1_Cam_T_3_408.jpg;False;False;OK
414;2025_Conforme_1_Cam_B_3_414.jpg;2025_Conforme_1_Cam_T_3_409.jpg;False;False;OK
415;2025_Conforme_1_Cam_B_3_415.jpg;2025_Conforme_1_Cam_T_3_410.jpg;False;False;OK
416;2025_Conforme_1_Cam_B_3_416.jpg;2025_Conforme_1_Cam_T_3_411.jpg;AMBIGU;False;AMBIGU
417;2025_Conforme_1_Cam_B_3_417.jpg;2025_Conforme_1_Cam_T_3_412.jpg;False;True;CONFLIT
418;2025_Conforme_1_Cam_B_3_418.jpg;2025_Conforme_1_Cam_T_3_413.jpg;False;True;CONFLIT
419;2025_Conforme_1_Cam_B_3_419.jpg;2025_Conforme_1_Cam_T_3_414.jpg;False;True;CONFLIT
420;2025_Conforme_1_Cam_B_3_420.jpg;2025_Conforme_1_Cam_T_3_415.jpg;False;AMBIGU;AMBIGU
421;2025_Conforme_1_Cam_B_3_421.jpg;2025_Conforme_1_Cam_T_3_416.jpg;False;False;OK
422;2025_Conforme_1_Cam_B_3_422.jpg;2025_Conforme_1_Cam_T_3_417.jpg;False;False;OK
423;2025_Conforme_1_Cam_B_3_423.jpg;2025_Conforme_1_Cam_T_3_418.jpg;False;True;CONFLIT
424;2025_Conforme_1_Cam_B_3_424.jpg;2025_Conforme_1_Cam_T_3_419.jpg;False;False;OK
425;2025_Conforme_1_Cam_B_3_425.jpg;2025_Conforme_1_Cam_T_3_420.jpg;True;AMBIGU;AMBIGU
426;2025_Conforme_1_Cam_B_3_426.jpg;2025_Conforme_1_Cam_T_3_421.jpg;False;False;OK
427;2025_Conforme_1_Cam_B_3_427.jpg;2025_Conforme_1_Cam_T_3_422.jpg;False;AMBIGU;AMBIGU
428;2025_Conforme_1_Cam_B_3_428.jpg;2025_Conforme_1_Cam_T_3_423.jpg;False;False;OK
429;2025_Conforme_1_Cam_B_3_429.jpg;2025_Conforme_1_Cam_T_3_424.jpg;False;AMBIGU;AMBIGU
430;2025_Conforme_1_Cam_B_3_430.jpg;2025_Conforme_1_Cam_T_3_425.jpg;False;True;CONFLIT
431;2025_Conforme_1_Cam_B_3_431.jpg;2025_Conforme_1_Cam_T_3_426.jpg;False;True;CONFLIT
432;2025_Conforme_1_Cam_B_3_432.jpg;2025_Conforme_1_Cam_T_3_427.jpg;False;False;OK
433;2025_Conforme_1_Cam_B_3_433.jpg;2025_Conforme_1_Cam_T_3_428.jpg;False;False;OK
434;2025_Conforme_1_Cam_B_3_434.jpg;2025_Conforme_1_Cam_T_3_429.jpg;False;False;OK
435;2025_Conforme_1_Cam_B_3_435.jpg;2025_Conforme_1_Cam_T_3_430.jpg;False;False;OK
436;2025_Conforme_1_Cam_B_3_436.jpg;2025_Conforme_1_Cam_T_3_431.jpg;False;True;CONFLIT
437;2025_Conforme_1_Cam_B_3_437.jpg;2025_Conforme_1_Cam_T_3_432.jpg;False;True;CONFLIT
438;2025_Conforme_1_Cam_B_3_438.jpg;2025_Conforme_1_Cam_T_3_433.jpg;False;False;OK
439;2025_Conforme_1_Cam_B_3_439.jpg;2025_Conforme_1_Cam_T_3_434.jpg;False;False;OK
440;2025_Conforme_1_Cam_B_3_440.jpg;2025_Conforme_1_Cam_T_3_435.jpg;AMBIGU;False;AMBIGU
441;2025_Conforme_1_Cam_B_3_441.jpg;2025_Conforme_1_Cam_T_3_436.jpg;False;True;CONFLIT
442;2025_Conforme_1_Cam_B_3_442.jpg;2025_Conforme_1_Cam_T_3_437.jpg;False;False;OK
443;2025_Conforme_1_Cam_B_3_443.jpg;2025_Conforme_1_Cam_T_3_438.jpg;False;False;OK
444;2025_Conforme_1_Cam_B_3_444.jpg;2025_Conforme_1_Cam_T_3_439.jpg;False;False;OK
445;2025_Conforme_1_Cam_B_3_445.jpg;2025_Conforme_1_Cam_T_3_440.jpg;False;False;OK
446;2025_Conforme_1_Cam_B_3_446.jpg;2025_Conforme_1_Cam_T_3_441.jpg;False;True;CONFLIT
447;2025_Conforme_1_Cam_B_3_447.jpg;2025_Conforme_1_Cam_T_3_442.jpg;False;AMBIGU;AMBIGU
448;2025_Conforme_1_Cam_B_3_448.jpg;2025_Conforme_1_Cam_T_3_443.jpg;False;False;OK
449;2025_Conforme_1_Cam_B_3_449.jpg;2025_Conforme_1_Cam_T_3_444.jpg;False;False;OK
450;2025_Conforme_1_Cam_B_3_450.jpg;2025_Conforme_1_Cam_T_3_445.jpg;False;False;OK
451;2025_Conforme_1_Cam_B_3_451.jpg;2025_Conforme_1_Cam_T_3_446.jpg;False;False;OK
452;2025_Conforme_1_Cam_B_3_452.jpg;2025_Conforme_1_Cam_T_3_447.jpg;False;False;OK
453;2025_Conforme_1_Cam_B_3_453.jpg;2025_Conforme_1_Cam_T_3_448.jpg;False;False;OK
454;2025_Conforme_1_Cam_B_3_454.jpg;2025_Conforme_1_Cam_T_3_449.jpg;AMBIGU;False;AMBIGU
455;2025_Conforme_1_Cam_B_3_455.jpg;2025_Conforme_1_Cam_T_3_450.jpg;False;False;OK
456;2025_Conforme_1_Cam_B_3_456.jpg;2025_Conforme_1_Cam_T_3_451.jpg;False;False;OK
457;2025_Conforme_1_Cam_B_3_457.jpg;2025_Conforme_1_Cam_T_3_452.jpg;False;False;OK
458;2025_Conforme_1_Cam_B_3_458.jpg;2025_Conforme_1_Cam_T_3_453.jpg;False;False;OK
459;2025_Conforme_1_Cam_B_3_459.jpg;2025_Conforme_1_Cam_T_3_454.jpg;False;False;OK
460;2025_Conforme_1_Cam_B_3_460.jpg;2025_Conforme_1_Cam_T_3_455.jpg;False;False;OK
461;2025_Conforme_1_Cam_B_3_461.jpg;2025_Conforme_1_Cam_T_3_456.jpg;False;False;OK
462;2025_Conforme_1_Cam_B_3_462.jpg;2025_Conforme_1_Cam_T_3_457.jpg;False;False;OK
463;2025_Conforme_1_Cam_B_3_463.jpg;2025_Conforme_1_Cam_T_3_458.jpg;False;False;OK
464;2025_Conforme_1_Cam_B_3_464.jpg;2025_Conforme_1_Cam_T_3_459.jpg;False;False;OK
465;2025_Conforme_1_Cam_B_3_465.jpg;2025_Conforme_1_Cam_T_3_460.jpg;False;False;OK
466;2025_Conforme_1_Cam_B_3_466.jpg;2025_Conforme_1_Cam_T_3_461.jpg;False;False;OK
467;2025_Conforme_1_Cam_B_3_467.jpg;2025_Conforme_1_Cam_T_3_462.jpg;False;False;OK
468;2025_Conforme_1_Cam_B_3_468.jpg;2025_Conforme_1_Cam_T_3_463.jpg;False;False;OK
469;2025_Conforme_1_Cam_B_3_469.jpg;2025_Conforme_1_Cam_T_3_464.jpg;False;False;OK
470;2025_Conforme_1_Cam_B_3_470.jpg;2025_Conforme_1_Cam_T_3_465.jpg;AMBIGU;False;AMBIGU
471;2025_Conforme_1_Cam_B_3_471.jpg;2025_Conforme_1_Cam_T_3_466.jpg;False;False;OK
472;2025_Conforme_1_Cam_B_3_472.jpg;2025_Conforme_1_Cam_T_3_467.jpg;False;True;CONFLIT
473;2025_Conforme_1_Cam_B_3_473.jpg;2025_Conforme_1_Cam_T_3_468.jpg;False;False;OK
474;2025_Conforme_1_Cam_B_3_474.jpg;2025_Conforme_1_Cam_T_3_469.jpg;False;False;OK
475;2025_Conforme_1_Cam_B_3_475.jpg;2025_Conforme_1_Cam_T_3_470.jpg;False;False;OK
476;2025_Conforme_1_Cam_B_3_476.jpg;2025_Conforme_1_Cam_T_3_471.jpg;False;False;OK
477;2025_Conforme_1_Cam_B_3_477.jpg;2025_Conforme_1_Cam_T_3_472.jpg;False;False;OK
478;2025_Conforme_1_Cam_B_3_478.jpg;2025_Conforme_1_Cam_T_3_473.jpg;False;False;OK
479;2025_Conforme_1_Cam_B_3_479.jpg;2025_Conforme_1_Cam_T_3_474.jpg;False;False;OK
480;2025_Conforme_1_Cam_B_3_480.jpg;2025_Conforme_1_Cam_T_3_475.jpg;False;False;OK
481;2025_Conforme_1_Cam_B_3_481.jpg;2025_Conforme_1_Cam_T_3_476.jpg;False;False;OK
482;2025_Conforme_1_Cam_B_3_482.jpg;2025_Conforme_1_Cam_T_3_477.jpg;False;False;OK
483;2025_Conforme_1_Cam_B_3_483.jpg;2025_Conforme_1_Cam_T_3_478.jpg;False;False;OK
484;2025_Conforme_1_Cam_B_3_484.jpg;2025_Conforme_1_Cam_T_3_479.jpg;False;False;OK
485;2025_Conforme_1_Cam_B_3_485.jpg;2025_Conforme_1_Cam_T_3_480.jpg;False;False;OK
486;2025_Conforme_1_Cam_B_3_486.jpg;2025_Conforme_1_Cam_T_3_481.jpg;False;False;OK
487;2025_Conforme_1_Cam_B_3_487.jpg;2025_Conforme_1_Cam_T_3_482.jpg;False;False;OK
488;2025_Conforme_1_Cam_B_3_488.jpg;2025_Conforme_1_Cam_T_3_483.jpg;False;True;CONFLIT
489;2025_Conforme_1_Cam_B_3_489.jpg;2025_Conforme_1_Cam_T_3_484.jpg;False;False;OK
490;2025_Conforme_1_Cam_B_3_490.jpg;2025_Conforme_1_Cam_T_3_485.jpg;True;True;OK
491;2025_Conforme_1_Cam_B_3_491.jpg;2025_Conforme_1_Cam_T_3_486.jpg;False;False;OK
492;2025_Conforme_1_Cam_B_3_492.jpg;2025_Conforme_1_Cam_T_3_487.jpg;True;False;CONFLIT
493;2025_Conforme_1_Cam_B_3_493.jpg;2025_Conforme_1_Cam_T_3_488.jpg;False;True;CONFLIT
494;2025_Conforme_1_Cam_B_3_494.jpg;2025_Conforme_1_Cam_T_3_489.jpg;False;False;OK
495;2025_Conforme_1_Cam_B_3_495.jpg;2025_Conforme_1_Cam_T_3_490.jpg;False;False;OK
496;2025_Conforme_1_Cam_B_3_496.jpg;2025_Conforme_1_Cam_T_3_491.jpg;False;False;OK
497;2025_Conforme_1_Cam_B_3_497.jpg;2025_Conforme_1_Cam_T_3_492.jpg;False;True;CONFLIT
498;2025_Conforme_1_Cam_B_3_498.jpg;2025_Conforme_1_Cam_T_3_493.jpg;True;False;CONFLIT
499;2025_Conforme_1_Cam_B_3_499.jpg;NULL;False;NULL;NULL
500;2025_Conforme_1_Cam_B_3_500.jpg;2025_Conforme_1_Cam_T_3_495.jpg;False;False;OK
501;2025_Conforme_1_Cam_B_3_501.jpg;2025_Conforme_1_Cam_T_3_496.jpg;False;False;OK
502;2025_Conforme_1_Cam_B_3_502.jpg;2025_Conforme_1_Cam_T_3_497.jpg;False;False;OK
503;2025_Conforme_1_Cam_B_3_503.jpg;2025_Conforme_1_Cam_T_3_498.jpg;False;True;CONFLIT
504;2025_Conforme_1_Cam_B_3_504.jpg;2025_Conforme_1_Cam_T_3_499.jpg;False;False;OK
505;2025_Conforme_1_Cam_B_3_505.jpg;2025_Conforme_1_Cam_T_3_500.jpg;False;False;OK
506;2025_Conforme_1_Cam_B_3_506.jpg;2025_Conforme_1_Cam_T_3_501.jpg;False;False;OK
507;2025_Conforme_1_Cam_B_3_507.jpg;2025_Conforme_1_Cam_T_3_502.jpg;False;False;OK
508;2025_Conforme_1_Cam_B_3_508.jpg;2025_Conforme_1_Cam_T_3_503.jpg;False;False;OK
509;2025_Conforme_1_Cam_B_3_509.jpg;2025_Conforme_1_Cam_T_3_504.jpg;False;False;OK
510;2025_Conforme_1_Cam_B_3_510.jpg;2025_Conforme_1_Cam_T_3_505.jpg;False;False;OK
511;2025_Conforme_1_Cam_B_3_511.jpg;2025_Conforme_1_Cam_T_3_506.jpg;False;False;OK
512;2025_Conforme_1_Cam_B_3_512.jpg;2025_Conforme_1_Cam_T_3_507.jpg;False;False;OK
513;2025_Conforme_1_Cam_B_3_513.jpg;2025_Conforme_1_Cam_T_3_508.jpg;False;False;OK
514;2025_Conforme_1_Cam_B_3_514.jpg;2025_Conforme_1_Cam_T_3_509.jpg;True;False;CONFLIT
515;2025_Conforme_1_Cam_B_3_515.jpg;2025_Conforme_1_Cam_T_3_510.jpg;False;False;OK
516;2025_Conforme_1_Cam_B_3_516.jpg;2025_Conforme_1_Cam_T_3_511.jpg;False;False;OK
517;2025_Conforme_1_Cam_B_3_517.jpg;2025_Conforme_1_Cam_T_3_512.jpg;False;True;CONFLIT
518;2025_Conforme_1_Cam_B_3_518.jpg;2025_Conforme_1_Cam_T_3_513.jpg;False;False;OK
519;2025_Conforme_1_Cam_B_3_519.jpg;2025_Conforme_1_Cam_T_3_514.jpg;False;False;OK
520;2025_Conforme_1_Cam_B_3_520.jpg;2025_Conforme_1_Cam_T_3_515.jpg;False;True;CONFLIT
521;2025_Conforme_1_Cam_B_3_521.jpg;2025_Conforme_1_Cam_T_3_516.jpg;False;False;OK
522;2025_Conforme_1_Cam_B_3_522.jpg;2025_Conforme_1_Cam_T_3_517.jpg;False;False;OK
523;2025_Conforme_1_Cam_B_3_523.jpg;2025_Conforme_1_Cam_T_3_518.jpg;False;True;CONFLIT
524;NULL;2025_Conforme_1_Cam_T_3_519.jpg;NULL;False;NULL
525;NULL;2025_Conforme_1_Cam_T_3_520.jpg;NULL;False;NULL
526;NULL;2025_Conforme_1_Cam_T_3_521.jpg;NULL;False;NULL
527;NULL;2025_Conforme_1_Cam_T_3_522.jpg;NULL;False;NULL
528;NULL;2025_Conforme_1_Cam_T_3_523.jpg;NULL;False;NULL
529;NULL;2025_Conforme_1_Cam_T_3_524.jpg;NULL;False;NULL
530;NULL;2025_Conforme_1_Cam_T_3_525.jpg;NULL;False;NULL
531;NULL;2025_Conforme_1_Cam_T_3_526.jpg;NULL;False;NULL
532;NULL;2025_Conforme_1_Cam_T_3_527.jpg;NULL;False;NULL
533;NULL;2025_Conforme_1_Cam_T_3_528.jpg;NULL;False;NULL
534;NULL;2025_Conforme_1_Cam_T_3_529.jpg;NULL;False;NULL
